﻿property,value
standardversion,http://opendata.gosmonitor.ru/standard/3.0
identifier,"Указать код организации, опубликовавшей набор открытых данных-GASU.ГАСУ/ОМСУ/С02"
title,Удовлетворенность населения организацией транспортного обслуживания в муниципальном образовании (процентов от числа опрошенных) (по субъекту) (итоговые данные)
description,...
creator,"Государственная автоматизированная система ""Управление"""
created,20171231
modified,20170101
subject,
format,csv
