﻿property,value
standardversion,http://opendata.gosmonitor.ru/standard/3.0
identifier,"Указать код организации, опубликовавшей набор открытых данных-GASU.ГАСУ/ИНВ/101"
title,Численность населения
description,Численность населения
creator,"Государственная автоматизированная система ""Управление"""
created,19171231
modified,20131231
subject,
format,csv
